{"docs":[{"LUNES": "08:30, , ,20:00", "SABADO": "09:15,13:00, ,", "DOMINGO": ", , ,", "geometry": {"type": "Point", "coordinates": [-16.237193975239578, 28.486410742150795]}, "TELEFONO": "922597722", "GEOCODIGO": "FAR_079", "UTM_X": 378901.39636, "UTM_Y": 3151710.14449, "MIERCOLES": "08:30, , ,20:00", "DIRECCION": "CALLE REVERENDO ONESIMO BETANCORT, 1 (VALLESECO)", "JUEVES": "08:30, , ,20:00", "MARTES": "08:30, , ,20:00", "NOMBRE": "FARMACIA LU\u00d1O", "COFSCTFE": "482", "GRAD_Y": 28.4864107422, "GRAD_X": -16.2371939752, "DISTRITO": "ANAGA", "BARRIO": "VALLESECO", "COD_POSTAL": "38150", "VIERNES": "08:30, , ,20:00"},{"LUNES": "09:00,14:00,17:00,20:30", "WEB": "http://www.farmaciacampitosifara.es", "SABADO": "09:15,14:00, ,", "DOMINGO": ", , ,", "geometry": {"type": "Point", "coordinates": [-16.26189742602823, 28.485321923090165]}, "TELEFONO": "922281323", "GEOCODIGO": "FAR_037", "UTM_X": 376481.901533, "UTM_Y": 3151614.6634, "MIERCOLES": "09:00,14:00,17:00,20:30", "DIRECCION": "CARRETERA LOS CAMPITOS, 86", "JUEVES": "09:00,14:00,17:00,20:30", "MARTES": "09:00,14:00,17:00,20:30", "NOMBRE": "FARMACIA LOS CAMPITOS", "COFSCTFE": "249", "GRAD_Y": 28.4853219231, "GRAD_X": -16.261897426, "DISTRITO": "ANAGA", "BARRIO": "LOS CAMPITOS", "COD_POSTAL": "38170", "VIERNES": "09:00,14:00,17:00,20:30"},{"LUNES": "08:30, , ,21:30", "WEB": "http://www.farmaciatrivino.com", "SABADO": "09:00,13:30, ,", "DOMINGO": ", , ,", "geometry": {"type": "Point", "coordinates": [-16.319458636632287, 28.435557134079627]}, "TELEFONO": "922537179", "GEOCODIGO": "FAR_071", "UTM_X": 370786.589416, "UTM_Y": 3146161.33643, "MIERCOLES": "08:30, , ,21:30", "DIRECCION": "GLORIETA ISLA DE LA PALMA, 4", "JUEVES": "08:30, , ,21:30", "MARTES": "08:30, , ,21:30", "NOMBRE": "FARMACIA TRIVI\u00d1O", "COFSCTFE": "213", "GRAD_Y": 28.4355571341, "GRAD_X": -16.3194586366, "DISTRITO": "SUROESTE", "BARRIO": "LA GALLEGA", "COD_POSTAL": "38107", "VIERNES": "08:30, , ,21:30"},{"LUNES": "09:00, , ,21:00", "SABADO": "09:00,13:30, ,", "DOMINGO": ", , ,", "geometry": {"type": "Point", "coordinates": [-16.320852862305568, 28.431994991302368]}, "TELEFONO": "922629609", "GEOCODIGO": "FAR_068", "UTM_X": 370645.7078, "UTM_Y": 3145768.15526, "MIERCOLES": "09:00, , ,21:00", "DIRECCION": "AVENIDA DE LOS MAJUELOS, 74", "JUEVES": "09:00, , ,21:00", "MARTES": "09:00, , ,21:00", "NOMBRE": "FARMACIA BUENO-FELIPE", "COFSCTFE": "348", "GRAD_Y": 28.4319949913, "GRAD_X": -16.3208528623, "DISTRITO": "SUROESTE", "BARRIO": "LA GALLEGA", "COD_POSTAL": "38107", "VIERNES": "09:00, , ,21:00"},{"LUNES": "08:30,14:00,16:15,21:00", "SABADO": "08:30,14:00, ,", "DOMINGO": "08:30,14:00, ,", "geometry": {"type": "Point", "coordinates": [-16.252996208230837, 28.463796394285794]}, "TELEFONO": "922213070", "GEOCODIGO": "FAR_027", "UTM_X": 377328.383805, "UTM_Y": 3149220.56944, "MIERCOLES": "08:30,14:00,16:15,21:00", "DIRECCION": "CALLE SAN SEBASTIAN, 70", "JUEVES": "08:30,14:00,16:15,21:00", "MARTES": "08:30,14:00,16:15,21:00", "NOMBRE": "FARMACIA GONZALEZ ARQUEROS", "COFSCTFE": "081", "GRAD_Y": 28.4637963943, "GRAD_X": -16.2529962082, "DISTRITO": "SALUD - LA SALLE", "BARRIO": "SAN SEBASTIAN", "COD_POSTAL": "38005", "VIERNES": "08:30,14:00,16:15,21:00"},{"LUNES": "09:00,15:00,16:00,21:00", "SABADO": "09:15,13:30, ,", "DOMINGO": ", , ,", "geometry": {"type": "Point", "coordinates": [-16.25822686985454, 28.46251040186794]}, "TELEFONO": "922221434", "GEOCODIGO": "FAR_040", "UTM_X": 376814.751654, "UTM_Y": 3149083.43488, "MIERCOLES": "09:00,15:00,16:00,21:00", "DIRECCION": "CALLE GARCILASO DE LA VEGA, 9 EDF. EL DORADO", "JUEVES": "09:00,15:00,16:00,21:00", "MARTES": "09:00,15:00,16:00,21:00", "NOMBRE": "FARMACIA MONJE", "COFSCTFE": "474", "GRAD_Y": 28.4625104019, "GRAD_X": -16.2582268699, "DISTRITO": "SALUD - LA SALLE", "BARRIO": "LA SALLE", "COD_POSTAL": "38005", "VIERNES": "09:00,15:00,16:00,21:00"},{"LUNES": "08:15, , ,20:15", "WEB": "http://www.farmaciaferia.org", "SABADO": "09:30,13:00, ,", "DOMINGO": ", , ,", "geometry": {"type": "Point", "coordinates": [-16.26332101928129, 28.458697974911782]}, "TELEFONO": "922229206", "GEOCODIGO": "FAR_025", "UTM_X": 376311.531285, "UTM_Y": 3148666.25951, "MIERCOLES": "08:15, , ,20:15", "DIRECCION": "CALLE FRAGATA DANMARK, 8 EDF. ANDREA", "JUEVES": "08:15, , ,20:15", "MARTES": "08:15, , ,20:15", "NOMBRE": "FARMACIA FERIA", "COFSCTFE": "054", "GRAD_Y": 28.4586979749, "GRAD_X": -16.2633210193, "DISTRITO": "SALUD - LA SALLE", "BARRIO": "LA SALLE", "COD_POSTAL": "38005", "VIERNES": "08:15, , ,20:15"},{"LUNES": "09:00,13:30,16:30,20:00", "SABADO": "09:15,13:00, ,", "DOMINGO": ", , ,", "geometry": {"type": "Point", "coordinates": [-16.261321124240514, 28.461631889166807]}, "TELEFONO": "922226412", "GEOCODIGO": "FAR_026", "UTM_X": 376510.764009, "UTM_Y": 3148989.27321, "MIERCOLES": "09:00,13:30,16:30,20:00", "DIRECCION": "CALLE EDUARDO ZAMACOIS, 13", "JUEVES": "09:00,13:30,16:30,20:00", "MARTES": "09:00,13:30,16:30,20:00", "NOMBRE": "FARMACIA DURANA", "COFSCTFE": "205", "GRAD_Y": 28.4616318892, "GRAD_X": -16.2613211242, "DISTRITO": "SALUD - LA SALLE", "BARRIO": "LA SALLE", "COD_POSTAL": "38005", "VIERNES": "09:00,13:30,16:30,20:00"},{"LUNES": "08:30, , ,22:00", "SABADO": "08:30, , ,22:00", "DOMINGO": "08:30, , ,22:00", "geometry": {"type": "Point", "coordinates": [-16.257235385921796, 28.460340076739893]}, "TELEFONO": "922220379", "GEOCODIGO": "FAR_028", "UTM_X": 376909.315286, "UTM_Y": 3148841.95302, "MIERCOLES": "08:30, , ,22:00", "DIRECCION": "GLORIETA PEDRO DE MENDOZA, 6 (LA SALLE)", "JUEVES": "08:30, , ,22:00", "MARTES": "08:30, , ,22:00", "NOMBRE": "FARMACIA LA SALLE", "COFSCTFE": "413", "GRAD_Y": 28.4603400767, "GRAD_X": -16.2572353859, "DISTRITO": "SALUD - LA SALLE", "BARRIO": "LA SALLE", "COD_POSTAL": "38005", "VIERNES": "08:30, , ,22:00"},{"LUNES": "08:00, , ,21:00", "SABADO": "09:00,15:30, ,", "DOMINGO": ", , ,", "geometry": {"type": "Point", "coordinates": [-16.262012685118684, 28.45836132869631]}, "TELEFONO": "922222125", "GEOCODIGO": "FAR_029", "UTM_X": 376439.246709, "UTM_Y": 3148627.61447, "MIERCOLES": "08:00, , ,21:00", "DIRECCION": "CALLE TOME CANO, 10", "JUEVES": "08:00, , ,21:00", "MARTES": "08:00, , ,21:00", "NOMBRE": "FARMACIA GONZALEZ", "COFSCTFE": "536", "GRAD_Y": 28.4583613287, "GRAD_X": -16.2620126851, "DISTRITO": "SALUD - LA SALLE", "BARRIO": "LA SALLE", "COD_POSTAL": "38005", "VIERNES": "08:00, , ,21:00"},{"LUNES": "09:00,13:30,16:45,19:30", "SABADO": "09:15,13:00, ,", "DOMINGO": ", , ,", "geometry": {"type": "Point", "coordinates": [-16.26053735926055, 28.46765647930006]}, "TELEFONO": "922270417", "GEOCODIGO": "FAR_033", "UTM_X": 376594.505589, "UTM_Y": 3149655.97708, "MIERCOLES": "09:00,13:30,16:45,19:30", "DIRECCION": "RAMBLA DE PULIDO, 81", "JUEVES": "09:00,13:30,16:45,19:30", "MARTES": "09:00,13:30,16:45,19:30", "NOMBRE": "FARMACIA GONZALEZ ARROYO", "COFSCTFE": "080", "GRAD_Y": 28.4676564793, "GRAD_X": -16.2605373593, "DISTRITO": "CENTRO - IFARA", "BARRIO": "DUGGI", "COD_POSTAL": "38006", "VIERNES": "09:00,13:30,16:45,19:30"},{"LUNES": "09:00,13:30,16:45,20:15", "WEB": "http://www.farmaciaelchinito.com/", "SABADO": "09:15,13:15, ,", "DOMINGO": ", , ,", "geometry": {"type": "Point", "coordinates": [-16.258166317058826, 28.467447796348587]}, "TELEFONO": "922275719", "GEOCODIGO": "FAR_021", "UTM_X": 376826.406998, "UTM_Y": 3149630.423, "MIERCOLES": "09:00,13:30,16:45,20:15", "DIRECCION": "RAMBLA DE PULIDO, 35", "JUEVES": "09:00,13:30,16:45,20:15", "MARTES": "09:00,13:30,16:45,20:15", "NOMBRE": "FARMACIA EL CHINITO", "COFSCTFE": "361", "GRAD_Y": 28.4674477963, "GRAD_X": -16.2581663171, "DISTRITO": "CENTRO - IFARA", "BARRIO": "DUGGI", "COD_POSTAL": "38004", "VIERNES": "09:00,13:30,16:45,20:15"},{"LUNES": "09:00, , ,20:30", "WEB": "http://www.farmaciaduggi.com/", "SABADO": "09:00,14:00, ,", "DOMINGO": ", , ,", "geometry": {"type": "Point", "coordinates": [-16.259307902959236, 28.46619623826179]}, "TELEFONO": "922289806", "GEOCODIGO": "FAR_024", "UTM_X": 376713.183678, "UTM_Y": 3149492.92425, "MIERCOLES": "09:00, , ,20:30", "DIRECCION": "CALLE RAMON Y CAJAL, 41. ESQ. BENAVIDES", "JUEVES": "09:00, , ,20:30", "MARTES": "09:00, , ,20:30", "NOMBRE": "FARMACIA  DUGGI", "COFSCTFE": "374", "GRAD_Y": 28.4661962383, "GRAD_X": -16.259307903, "DISTRITO": "CENTRO - IFARA", "BARRIO": "DUGGI", "COD_POSTAL": "38004", "VIERNES": "09:00, , ,20:30"},{"LUNES": "09:00,13:00,16:30,20:00", "SABADO": "09:00,13:30, ,", "DOMINGO": ", , ,", "geometry": {"type": "Point", "coordinates": [-16.33315566604281, 28.42349885282332]}, "TELEFONO": "922614101", "GEOCODIGO": "FAR_074", "UTM_X": 369430.316439, "UTM_Y": 3144840.08494, "MIERCOLES": "09:00,13:00,16:30,20:00", "DIRECCION": "CARRETERA DEL TABLERO 216", "JUEVES": "09:00,13:00,16:30,20:00", "MARTES": "09:00,13:00,16:30,20:00", "NOMBRE": "FARMACIA BENCOMO DUQUE", "COFSCTFE": "215", "GRAD_Y": 28.4234988528, "GRAD_X": -16.333155666, "DISTRITO": "SUROESTE", "BARRIO": "EL TABLERO", "COD_POSTAL": "38107", "VIERNES": "09:00,13:00,16:30,20:00"},{"LUNES": "09:00, , ,20:30", "SABADO": "09:30,13:30, ,", "DOMINGO": ", , ,", "geometry": {"type": "Point", "coordinates": [-16.29078113645533, 28.44614657138674]}, "TELEFONO": "922612915", "GEOCODIGO": "FAR_070", "UTM_X": 373607.806499, "UTM_Y": 3147304.15303, "MIERCOLES": "09:00, , ,20:30", "DIRECCION": "CALLE  CHAFIRA, 4 (LAS MORADITAS DE TACO)", "JUEVES": "09:00, , ,20:30", "MARTES": "09:00, , ,20:30", "NOMBRE": "FARMACIA LAS MORADITAS", "COFSCTFE": "365", "GRAD_Y": 28.4461465714, "GRAD_X": -16.2907811365, "DISTRITO": "OFRA - COSTA SUR", "BARRIO": "MORADITAS", "COD_POSTAL": "38110", "VIERNES": "09:00, , ,20:30"},{"LUNES": "08:30, , ,20:00", "WEB": "http://www.farmaciamanuelgonzalezetayo.com", "SABADO": "09:00,14:00, ,", "DOMINGO": ", , ,", "geometry": {"type": "Point", "coordinates": [-16.25191038070558, 28.47233089958553]}, "TELEFONO": "922272405", "GEOCODIGO": "FAR_010", "UTM_X": 377444.548662, "UTM_Y": 3150165.06131, "MIERCOLES": "08:30, , ,20:00", "DIRECCION": "CALLE MENDEZ NU\u00d1EZ, 80", "JUEVES": "08:30, , ,20:00", "MARTES": "08:30, , ,20:00", "NOMBRE": "FARMACIA GONZALEZ ETAYO", "COFSCTFE": "488", "GRAD_Y": 28.4723308996, "GRAD_X": -16.2519103807, "DISTRITO": "CENTRO - IFARA", "BARRIO": "TOSCAL", "COD_POSTAL": "38002", "VIERNES": "08:30, , ,20:00"},{"LUNES": "09:00, , ,19:30", "SABADO": "09:15,13:00, ,", "DOMINGO": ", , ,", "geometry": {"type": "Point", "coordinates": [-16.253155791634605, 28.473615817355814]}, "TELEFONO": "922284444", "GEOCODIGO": "FAR_001", "UTM_X": 377324.10351, "UTM_Y": 3150308.69772, "MIERCOLES": "09:00, , ,19:30", "DIRECCION": "CALLE  DOCTOR JOSE NAVEIRAS, 30", "JUEVES": "09:00, , ,19:30", "MARTES": "09:00, , ,19:30", "NOMBRE": "FARMACIA MENCEY", "COFSCTFE": "093", "GRAD_Y": 28.4736158174, "GRAD_X": -16.2531557916, "DISTRITO": "CENTRO - IFARA", "BARRIO": "TOSCAL", "COD_POSTAL": "38004", "VIERNES": "09:00, , ,19:30"},{"LUNES": "09:00,13:30,16:30,20:00", "SABADO": "09:00,13:00, ,", "DOMINGO": ", , ,", "geometry": {"type": "Point", "coordinates": [-16.250704937536213, 28.473967422866124]}, "TELEFONO": "922275814", "GEOCODIGO": "FAR_002", "UTM_X": 377564.452822, "UTM_Y": 3150345.15472, "MIERCOLES": "09:00,13:30,16:30,20:00", "DIRECCION": "CALLE MENDEZ NU\u00d1EZ, 53", "JUEVES": "09:00,13:30,16:30,20:00", "MARTES": "09:00,13:30,16:30,20:00", "NOMBRE": "FARMACIA PELAEZ PARAMO", "COFSCTFE": "393", "GRAD_Y": 28.4739674229, "GRAD_X": -16.2507049375, "DISTRITO": "CENTRO - IFARA", "BARRIO": "TOSCAL", "COD_POSTAL": "38001", "VIERNES": "09:00,13:30,16:30,20:00"},{"LUNES": "09:00,13:30,16:30,20:00", "SABADO": "09:00,13:00, ,", "DOMINGO": ", , ,", "geometry": {"type": "Point", "coordinates": [-16.249582802782236, 28.47134079399224]}, "TELEFONO": "922283459", "GEOCODIGO": "FAR_004", "UTM_X": 377671.28543, "UTM_Y": 3150052.98844, "MIERCOLES": "09:00,13:30,16:30,20:00", "DIRECCION": "CALLE LA ROSA, 33", "JUEVES": "09:00,13:30,16:30,20:00", "MARTES": "09:00,13:30,16:30,20:00", "NOMBRE": "FARMACIA CB SUAREZ", "COFSCTFE": "404", "GRAD_Y": 28.471340794, "GRAD_X": -16.2495828028, "DISTRITO": "CENTRO - IFARA", "BARRIO": "TOSCAL", "COD_POSTAL": "38001", "VIERNES": "09:00,13:30,16:30,20:00"},{"LUNES": "09:00,13:30,16:45,19:30", "SABADO": "09:15,13:00, ,", "DOMINGO": ", , ,", "geometry": {"type": "Point", "coordinates": [-16.248522415048466, 28.47286640948256]}, "TELEFONO": "922275347", "GEOCODIGO": "FAR_005", "UTM_X": 377776.858071, "UTM_Y": 3150220.94332, "MIERCOLES": "09:00,13:30,16:45,19:30", "DIRECCION": "CALLE LA ROSA, 58", "JUEVES": "09:00,13:30,16:45,19:30", "MARTES": "09:00,13:30,16:45,19:30", "NOMBRE": "FARMACIA SANZ DOBLADO", "COFSCTFE": "238", "GRAD_Y": 28.4728664095, "GRAD_X": -16.248522415, "DISTRITO": "CENTRO - IFARA", "BARRIO": "TOSCAL", "COD_POSTAL": "38001", "VIERNES": "09:00,13:30,16:45,19:30"},{"LUNES": "08:30, , ,20:00", "SABADO": "09:00,14:00, ,", "DOMINGO": "09:00,14:00, ,", "geometry": {"type": "Point", "coordinates": [-16.2433438649346, 28.478803228071897]}, "TELEFONO": "922275 63", "GEOCODIGO": "FAR_003", "UTM_X": 378290.658903, "UTM_Y": 3150873.46912, "MIERCOLES": "08:30, , ,20:00", "DIRECCION": "AVENIDA DE ANAGA, 57", "JUEVES": "08:30, , ,20:00", "MARTES": "08:30, , ,20:00", "NOMBRE": "FARMACIA ANAGA", "COFSCTFE": "151", "GRAD_Y": 28.4788032281, "GRAD_X": -16.2433438649, "DISTRITO": "CENTRO - IFARA", "BARRIO": "URBANIZACION ANAGA", "COD_POSTAL": "38001", "VIERNES": "08:30, , ,20:00"},{"LUNES": "09:00,13:30,16:45,19:30", "SABADO": "09:00,13:00, ,", "DOMINGO": ", , ,", "geometry": {"type": "Point", "coordinates": [-16.24948491459541, 28.475737518608774]}, "TELEFONO": "922270379", "GEOCODIGO": "FAR_006", "UTM_X": 377685.934678, "UTM_Y": 3150540.03388, "MIERCOLES": "09:00,13:30,16:45,19:30", "DIRECCION": "RAMBLA DE SANTA CRUZ, 143A", "JUEVES": "09:00,13:30,16:45,19:30", "MARTES": "09:00,13:30,16:45,19:30", "NOMBRE": "FARMACIA FERNANDEZ", "COFSCTFE": "563", "GRAD_Y": 28.4757375186, "GRAD_X": -16.2494849146, "DISTRITO": "CENTRO - IFARA", "BARRIO": "URBANIZACION ANAGA", "COD_POSTAL": "38001", "VIERNES": "09:00,13:30,16:45,19:30"},{"LUNES": "08:30, , ,20:30", "SABADO": "09:00, , ,20:00", "DOMINGO": ", , ,", "geometry": {"type": "Point", "coordinates": [-16.22638300002581, 28.49413698997878]}, "TELEFONO": "922596756", "GEOCODIGO": "FAR_081", "UTM_X": 379968.423377, "UTM_Y": 3152555.3364, "MIERCOLES": "08:30, , ,20:30", "DIRECCION": "CALLE SAN JUAN EVANGELISTA, 49 (MARIA JIMENEZ)", "JUEVES": "08:30, , ,20:30", "MARTES": "08:30, , ,20:30", "NOMBRE": "FARMACIA MAR\u00cdA JIMENEZ", "COFSCTFE": "501", "GRAD_Y": 28.49413699, "GRAD_X": -16.226383, "DISTRITO": "ANAGA", "BARRIO": "MARIA JIMENEZ", "COD_POSTAL": "38180", "VIERNES": "08:30, , ,20:30"},{"LUNES": "09:00,13:30,16:45,19:30", "SABADO": "09:15,13:00, ,", "DOMINGO": ", , ,", "geometry": {"type": "Point", "coordinates": [-16.245051833071933, 28.48367253915981]}, "TELEFONO": "922596634", "GEOCODIGO": "FAR_080", "UTM_X": 378129.045183, "UTM_Y": 3151414.70721, "MIERCOLES": "09:00,13:30,16:45,19:30", "DIRECCION": "CALLE ANDROMEDA, 8 (BARRIO LA ALEGRIA)", "JUEVES": "09:00,13:30,16:45,19:30", "MARTES": "09:00,13:30,16:45,19:30", "NOMBRE": "FARMACIA GONZALEZ LUIS", "COFSCTFE": "349", "GRAD_Y": 28.4836725392, "GRAD_X": -16.2450518331, "DISTRITO": "ANAGA", "BARRIO": "LA ALEGRIA", "COD_POSTAL": "38160", "VIERNES": "09:00,13:30,16:45,19:30"},{"LUNES": "08:30, , ,20:30", "SABADO": "09:00, , ,20:00", "DOMINGO": "09:00,13:00, ,", "geometry": {"type": "Point", "coordinates": [-16.192681213264187, 28.504996327733295]}, "TELEFONO": "922591117", "GEOCODIGO": "FAR_077", "UTM_X": 383279.185084, "UTM_Y": 3153725.28429, "MIERCOLES": "08:30, , ,20:30", "DIRECCION": "CALLE BARTOLOME BELZA, 31 (SAN ANDRES)", "JUEVES": "08:30, , ,20:30", "MARTES": "08:30, , ,20:30", "NOMBRE": "FARMACIA DE LUGO FERNANDEZ", "COFSCTFE": "486", "GRAD_Y": 28.5049963277, "GRAD_X": -16.1926812133, "DISTRITO": "ANAGA", "BARRIO": "SAN ANDRES", "COD_POSTAL": "38120", "VIERNES": "08:30, , ,20:30"},{"LUNES": "09:00,13:30,16:45,20:00", "SABADO": "09:00,13:00, ,", "DOMINGO": ", , ,", "geometry": {"type": "Point", "coordinates": [-16.268815363633568, 28.471750341577113]}, "TELEFONO": "922272573", "GEOCODIGO": "FAR_036", "UTM_X": 375788.812772, "UTM_Y": 3150118.09615, "MIERCOLES": "09:00,13:30,16:45,20:00", "DIRECCION": "CTRA. LOS CAMPITOS,34 (BARRIO NUEVO)", "JUEVES": "09:00,13:30,16:45,20:00", "MARTES": "09:00,13:30,16:45,20:00", "NOMBRE": "FARMACIA MESTRES IZQUIERDO", "COFSCTFE": "442", "GRAD_Y": 28.4717503416, "GRAD_X": -16.2688153636, "DISTRITO": "CENTRO - IFARA", "BARRIO": "BARRIO NUEVO", "COD_POSTAL": "38006", "VIERNES": "09:00,13:30,16:45,20:00"},{"LUNES": "09:00,13:30,16:30,20:00", "SABADO": "09:00,13:30, ,", "DOMINGO": ", , ,", "geometry": {"type": "Point", "coordinates": [-16.27706144744433, 28.472269148170508]}, "TELEFONO": "922220762", "GEOCODIGO": "FAR_048", "UTM_X": 374982.096788, "UTM_Y": 3150184.13097, "MIERCOLES": "09:00,13:30,16:30,20:00", "DIRECCION": "CALLE TACORONTE, 4 (B\u00ba SALUD ALTO)", "JUEVES": "09:00,13:30,16:30,20:00", "MARTES": "09:00,13:30,16:30,20:00", "NOMBRE": "FARMACIA SALUD ALTO", "COFSCTFE": "526", "GRAD_Y": 28.4722691482, "GRAD_X": -16.2770614474, "DISTRITO": "SALUD - LA SALLE", "BARRIO": "LA SALUD", "COD_POSTAL": "38008", "VIERNES": "09:00,13:30,16:30,20:00"},{"LUNES": "08:30, , ,20:30", "SABADO": "08:30, , ,20:30", "DOMINGO": ", , ,", "geometry": {"type": "Point", "coordinates": [-16.271669185221985, 28.469654407420094]}, "TELEFONO": "922220276", "GEOCODIGO": "FAR_050", "UTM_X": 375506.954133, "UTM_Y": 3149888.82484, "MIERCOLES": "08:30, , ,20:30", "DIRECCION": "AVENIDA DE VENEZUELA, 30 (BARRIO LA SALUD)", "JUEVES": "08:30, , ,20:30", "MARTES": "08:30, , ,20:30", "NOMBRE": "FARMACIA SANTANA PAGES", "COFSCTFE": "445", "GRAD_Y": 28.4696544074, "GRAD_X": -16.2716691852, "DISTRITO": "SALUD - LA SALLE", "BARRIO": "LA SALUD", "COD_POSTAL": "38008", "VIERNES": "08:30, , ,20:30"},{"LUNES": "08:30, , ,21:00", "WEB": "http://www.farmaciaespinosa.net/", "SABADO": "09:00,14:00, ,", "DOMINGO": ", , ,", "geometry": {"type": "Point", "coordinates": [-16.26992472349619, 28.469673598993886]}, "TELEFONO": "922232142", "GEOCODIGO": "FAR_051", "UTM_X": 375677.770165, "UTM_Y": 3149889.14515, "MIERCOLES": "08:30, , ,21:00", "DIRECCION": "CALLE  PRINCESA GUAYARMINA, 5 (B\u00ba SALUD)", "JUEVES": "08:30, , ,21:00", "MARTES": "08:30, , ,21:00", "NOMBRE": "FARMACIA ESPINOSA", "COFSCTFE": "231", "GRAD_Y": 28.469673599, "GRAD_X": -16.2699247235, "DISTRITO": "SALUD - LA SALLE", "BARRIO": "LA SALUD", "COD_POSTAL": "38008", "VIERNES": "08:30, , ,21:00"},{"LUNES": "09:00,13:30,16:45,19:30", "SABADO": "09:15,13:00, ,", "DOMINGO": ", , ,", "geometry": {"type": "Point", "coordinates": [-16.2744193522608, 28.470523556035022]}, "TELEFONO": "922220755", "GEOCODIGO": "FAR_052", "UTM_X": 375238.71694, "UTM_Y": 3149987.97694, "MIERCOLES": "09:00,13:30,16:45,19:30", "DIRECCION": "CALLE GU\u00cdA DE ISORA, 10", "JUEVES": "09:00,13:30,16:45,19:30", "MARTES": "09:00,13:30,16:45,19:30", "NOMBRE": "FARMACIA SALUD MEDIO", "COFSCTFE": "085", "GRAD_Y": 28.470523556, "GRAD_X": -16.2744193523, "DISTRITO": "SALUD - LA SALLE", "BARRIO": "LA SALUD", "COD_POSTAL": "38008", "VIERNES": "09:00,13:30,16:45,19:30"},{"LUNES": "09:00,13:30,16:30,19:45", "SABADO": "09:00,13:00, ,", "DOMINGO": ", , ,", "geometry": {"type": "Point", "coordinates": [-16.26680502439682, 28.466243075184895]}, "TELEFONO": "922206862", "GEOCODIGO": "FAR_046", "UTM_X": 375979.201237, "UTM_Y": 3149505.82768, "MIERCOLES": "09:00,13:30,16:30,19:45", "DIRECCION": "AVENIDA ISLAS CANARIAS, 92", "JUEVES": "09:00,13:30,16:30,19:45", "MARTES": "09:00,13:30,16:30,19:45", "NOMBRE": "FARMACIA RIVERA VILLALBA", "COFSCTFE": "143", "GRAD_Y": 28.4662430752, "GRAD_X": -16.2668050244, "DISTRITO": "SALUD - LA SALLE", "BARRIO": "BUENAVISTA", "COD_POSTAL": "38007", "VIERNES": "09:00,13:30,16:30,19:45"},{"LUNES": "08:30, , ,20:30", "WEB": "http://www.farmaciacruzdelse\u00f1or.com/", "SABADO": "09:00,13:00, ,", "DOMINGO": ", , ,", "geometry": {"type": "Point", "coordinates": [-16.269999356159108, 28.465186844433465]}, "TELEFONO": "922220071", "GEOCODIGO": "FAR_038", "UTM_X": 375665.209973, "UTM_Y": 3149392.10048, "MIERCOLES": "08:30, , ,20:30", "DIRECCION": "AVENIDA ISLAS CANARIAS, 134. ESQ AVDA VENEZUELA", "JUEVES": "08:30, , ,20:30", "MARTES": "08:30, , ,20:30", "NOMBRE": "FARMACIA CRUZ DEL SE\u00d1OR", "COFSCTFE": "510", "GRAD_Y": 28.4651868444, "GRAD_X": -16.2699993562, "DISTRITO": "SALUD - LA SALLE", "BARRIO": "CRUZ DEL SE\u00d1OR", "COD_POSTAL": "38007", "VIERNES": "08:30, , ,20:30"},{"LUNES": "09:00,13:30,16:30,20:00", "SABADO": "09:00,13:00, ,", "DOMINGO": ", , ,", "geometry": {"type": "Point", "coordinates": [-16.272392531198935, 28.464078502667093]}, "TELEFONO": "922226189", "GEOCODIGO": "FAR_042", "UTM_X": 375429.593492, "UTM_Y": 3149271.77702, "MIERCOLES": "09:00,13:30,16:30,20:00", "DIRECCION": "AVENIDA ISLAS CANARIAS, 125", "JUEVES": "09:00,13:30,16:30,20:00", "MARTES": "09:00,13:30,16:30,20:00", "NOMBRE": "FARMACIA GARCIA RAMOS", "COFSCTFE": "001", "GRAD_Y": 28.4640785027, "GRAD_X": -16.2723925312, "DISTRITO": "SALUD - LA SALLE", "BARRIO": "CRUZ DEL SE\u00d1OR", "COD_POSTAL": "38007", "VIERNES": "09:00,13:30,16:30,20:00"},{"LUNES": "09:00,13:30,16:30,20:30", "WEB": "http://www.farmaciabarriodelperu.es", "SABADO": "09:15,13:30, ,", "DOMINGO": ", , ,", "geometry": {"type": "Point", "coordinates": [-16.274317562320793, 28.466129546850382]}, "TELEFONO": "922222904", "GEOCODIGO": "FAR_047", "UTM_X": 375243.520468, "UTM_Y": 3149501.02483, "MIERCOLES": "09:00,13:30,16:30,20:30", "DIRECCION": "CALLE  RAFAEL AROCHA, 40 (BARRIO DEL PERU)", "JUEVES": "09:00,13:30,16:30,20:30", "MARTES": "09:00,13:30,16:30,20:30", "NOMBRE": "FARMACIA PER\u00da", "COFSCTFE": "099", "GRAD_Y": 28.4661295469, "GRAD_X": -16.2743175623, "DISTRITO": "SALUD - LA SALLE", "BARRIO": "EL PERU", "COD_POSTAL": "38008", "VIERNES": "09:00,13:30,16:30,20:30"},{"LUNES": "09:00,13:30,16:45,20:25", "WEB": "http://www.farmacialasindiasaurelia.es", "SABADO": "09:15,13:25, ,", "DOMINGO": ", , ,", "geometry": {"type": "Point", "coordinates": [-16.272582629067823, 28.4672537931906]}, "TELEFONO": "922227162", "GEOCODIGO": "FAR_044", "UTM_X": 375414.705812, "UTM_Y": 3149623.78892, "MIERCOLES": "09:00,13:30,16:45,20:25", "DIRECCION": "CALLE  SANTIAGO BEYRO, 23. ESQUINA LEOPOLDO DE LA ROSA OLIVERA", "JUEVES": "09:00,13:30,16:45,20:25", "MARTES": "09:00,13:30,16:45,20:25", "NOMBRE": "FARMACIA LAS INDIAS AURELIA", "COFSCTFE": "077", "GRAD_Y": 28.4672537932, "GRAD_X": -16.2725826291, "DISTRITO": "SALUD - LA SALLE", "BARRIO": "EL PERU", "COD_POSTAL": "38007", "VIERNES": "09:00,13:30,16:45,20:25"},{"LUNES": "08:30, , ,20:30", "SABADO": "09:00,13:30, ,", "DOMINGO": ", , ,", "geometry": {"type": "Point", "coordinates": [-16.27747172941104, 28.46453782527745]}, "TELEFONO": "922645816", "GEOCODIGO": "FAR_056", "UTM_X": 374932.822996, "UTM_Y": 3149327.944, "MIERCOLES": "08:30, , ,20:30", "DIRECCION": "CARRETERA SANTA CRUZ-LAGUINA, 24 (VUELTA DE LOS PAJAROS)", "JUEVES": "08:30, , ,20:30", "MARTES": "08:30, , ,20:30", "NOMBRE": "FARMACIA VUELTA DE LOS P\u00c1JAROS", "COFSCTFE": "463", "GRAD_Y": 28.4645378253, "GRAD_X": -16.2774717294, "DISTRITO": "OFRA - COSTA SUR", "BARRIO": "VILLA BENITEZ", "COD_POSTAL": "38009", "VIERNES": "08:30, , ,20:30"},{"LUNES": "09:00, , ,20:00", "SABADO": "09:00,13:00, ,", "DOMINGO": ", , ,", "geometry": {"type": "Point", "coordinates": [-16.272406749309734, 28.461175165260293]}, "TELEFONO": "922218328", "GEOCODIGO": "FAR_039", "UTM_X": 375424.796164, "UTM_Y": 3148950.10883, "MIERCOLES": "09:00, , ,20:00", "DIRECCION": "CALLE ALCALDE MADILLO TEJERA, 27", "JUEVES": "09:00, , ,20:00", "MARTES": "09:00, , ,20:00", "NOMBRE": "FARMACIA GLADIOLOS", "COFSCTFE": "461", "GRAD_Y": 28.4611751653, "GRAD_X": -16.2724067493, "DISTRITO": "SALUD - LA SALLE", "BARRIO": "LOS GLADIOLOS", "COD_POSTAL": "38007", "VIERNES": "09:00, , ,20:00"},{"LUNES": "08:00, , ,21:00", "WEB": "http://www.farmaciagalvannavarro.com", "SABADO": "09:00,14:00, ,", "DOMINGO": "09:00,14:00, ,", "geometry": {"type": "Point", "coordinates": [-16.265639916758452, 28.458521571079125]}, "TELEFONO": "922220114", "GEOCODIGO": "FAR_041", "UTM_X": 376084.268021, "UTM_Y": 3148649.10269, "MIERCOLES": "08:00, , ,21:00", "DIRECCION": "CALLE MU\u00d1OZ SECA, 5", "JUEVES": "08:00, , ,21:00", "MARTES": "08:00, , 21:00", "NOMBRE": "FARMACIA GALVAN", "COFSCTFE": "485", "GRAD_Y": 28.4585215711, "GRAD_X": -16.2656399168, "DISTRITO": "SALUD - LA SALLE", "BARRIO": "LOS GLADIOLOS", "COD_POSTAL": "38007", "VIERNES": "08:00, , ,21:00"},{"LUNES": "08:45, , ,20:30", "SABADO": "08:45,13:30, ,", "DOMINGO": "10:00,13:00, ,", "geometry": {"type": "Point", "coordinates": [-16.271669000005343, 28.45905698999385]}, "TELEFONO": "922220111", "GEOCODIGO": "FAR_057", "UTM_X": 375494.549476, "UTM_Y": 3148714.65572, "MIERCOLES": "08:45, , ,20:30", "DIRECCION": "CALLE IZDO. AZCARATE LOCAL 20-(SOMOSIERRA)", "JUEVES": "08:45, , ,20:30", "MARTES": "08:45, , ,20:30", "NOMBRE": "FARMACIA SOMOSIERRA", "COFSCTFE": "042", "GRAD_Y": 28.45905699, "GRAD_X": -16.271669, "DISTRITO": "OFRA - COSTA SUR", "BARRIO": "SOMOSIERRA", "COD_POSTAL": "38009", "VIERNES": "08:45, , ,20:30"},{"LUNES": "08:00, , ,22:00", "SABADO": "08:00, , ,22:00", "DOMINGO": "08:00, , ,22:00", "geometry": {"type": "Point", "coordinates": [-16.281042189519045, 28.455842922156954]}, "TELEFONO": "922643750", "GEOCODIGO": "FAR_064", "UTM_X": 374572.969084, "UTM_Y": 3148368.28857, "MIERCOLES": "08:00, , ,22:00", "DIRECCION": "AVENIDA PRINCIPES DE ESPA\u00d1A, 3. CHIMISAY, BLOQUE 1", "JUEVES": "08:00, , ,22:00", "MARTES": "08:00, , ,22:00", "NOMBRE": "FARMACIA OFRA", "COFSCTFE": "118", "GRAD_Y": 28.4558429222, "GRAD_X": -16.2810421895, "DISTRITO": "OFRA - COSTA SUR", "BARRIO": "CHIMISAY", "COD_POSTAL": "38010", "VIERNES": "08:00, , ,22:00"},{"LUNES": "09:00, , ,21:00", "SABADO": "09:00,14:00, ,", "DOMINGO": "09:30,14:30, ,", "geometry": {"type": "Point", "coordinates": [-16.28121598469979, 28.45192181653558]}, "TELEFONO": "922643453", "GEOCODIGO": "FAR_065", "UTM_X": 374551.321748, "UTM_Y": 3147934.02038, "MIERCOLES": "09:00, , ,21:00", "DIRECCION": "CTRA. DEL ROSARIO, 101", "JUEVES": "09:00, , ,21:00", "MARTES": "09:00, , ,21:00", "NOMBRE": "FARMACIA CABRERA", "COFSCTFE": "499", "GRAD_Y": 28.4519218165, "GRAD_X": -16.2812159847, "DISTRITO": "OFRA - COSTA SUR", "BARRIO": "LAS DELICIAS", "COD_POSTAL": "38010", "VIERNES": "09:00, , ,21:00"},{"LUNES": "08:30, , ,20:30", "SABADO": "09:00,14:00, ,", "DOMINGO": ", , ,", "geometry": {"type": "Point", "coordinates": [-16.283960167211905, 28.45256582593006]}, "TELEFONO": "922660047", "GEOCODIGO": "FAR_066", "UTM_X": 374283.365739, "UTM_Y": 3148008.2415, "MIERCOLES": "08:30, , ,20:30", "DIRECCION": "CALLE PEDRO DOBLADO CLAVERIE, 5", "JUEVES": "08:30, , ,20:30", "MARTES": "08:30, , ,20:30", "NOMBRE": "FARMACIA LAS DELICIAS", "COFSCTFE": "382", "GRAD_Y": 28.4525658259, "GRAD_X": -16.2839601672, "DISTRITO": "OFRA - COSTA SUR", "BARRIO": "LAS DELICIAS", "COD_POSTAL": "38010", "VIERNES": "08:30, , ,20:30"},{"LUNES": "08:30, , ,20:30", "SABADO": "09:00,13:30, ,", "DOMINGO": ", , ,", "geometry": {"type": "Point", "coordinates": [-16.28420106105083, 28.45819771786423]}, "TELEFONO": "922642558", "GEOCODIGO": "FAR_063", "UTM_X": 374266.442018, "UTM_Y": 3148632.49468, "MIERCOLES": "08:30, , ,20:30", "DIRECCION": "CALLE ELIAS BACALLADO, 6 (OFRA)", "JUEVES": "08:30, , ,20:30", "MARTES": "08:30, , ,20:30", "NOMBRE": "FARMACIA JIMENEZ BETHENCOURT", "COFSCTFE": "216", "GRAD_Y": 28.4581977179, "GRAD_X": -16.2842010611, "DISTRITO": "OFRA - COSTA SUR", "BARRIO": "CESAR CASARIEGO", "COD_POSTAL": "38010", "VIERNES": "08:30, , ,20:30"},{"LUNES": "09:00,13:30,16:30,20:00", "SABADO": "09:00,13:30, ,", "DOMINGO": ", , ,", "geometry": {"type": "Point", "coordinates": [-16.285184613409456, 28.4501602825759]}, "TELEFONO": "922643911", "GEOCODIGO": "FAR_062", "UTM_X": 374160.616571, "UTM_Y": 3147742.99361, "MIERCOLES": "09:00,13:30,16:30,20:00", "DIRECCION": "CALLE TOMAS DE ARMAS QUINTERO, 2 (JUAN XXIII) LOCAL 9", "JUEVES": "09:00,13:30,16:30,20:00", "MARTES": "09:00,13:30,16:30,20:00", "NOMBRE": "FARMACIA JUAN XXIII", "COFSCTFE": "408", "GRAD_Y": 28.4501602826, "GRAD_X": -16.2851846134, "DISTRITO": "OFRA - COSTA SUR", "BARRIO": "JUAN XXIII", "COD_POSTAL": "38010", "VIERNES": "09:00,13:30,16:30,20:00"},{"LUNES": "08:30, , ,21:30", "WEB": "http://www.farmaciaanaza.com", "SABADO": "09:00, , ,21:00", "DOMINGO": ", , ,", "geometry": {"type": "Point", "coordinates": [-16.298645649997237, 28.427022289973173]}, "TELEFONO": "922688220", "GEOCODIGO": "FAR_078", "UTM_X": 372814.773978, "UTM_Y": 3145193.51471, "MIERCOLES": "08:30, , ,21:30", "DIRECCION": "AVENIDA PRINCIPAL DE A\u00d1AZA, 33", "JUEVES": "08:30, , ,21:30", "MARTES": "08:30, , ,21:30", "NOMBRE": "FARMACIA A\u00d1AZA", "COFSCTFE": "542", "GRAD_Y": 28.42702229, "GRAD_X": -16.29864565, "DISTRITO": "SUROESTE", "BARRIO": "A\u00d1AZA", "COD_POSTAL": "38111", "VIERNES": "08:30, , ,21:30"},{"LUNES": "09:00, , ,21:00", "WEB": "https://es-es.facebook.com/farmaciadoramendez", "SABADO": "09:00, , ,21:00", "DOMINGO": "09:00, , ,21:00", "geometry": {"type": "Point", "coordinates": [-16.30128708001954, 28.42556089998711]}, "TELEFONO": "922688747", "GEOCODIGO": "FAR_076", "UTM_X": 372554.30537, "UTM_Y": 3145034.39078, "MIERCOLES": "09:00, , ,21:00", "DIRECCION": "CALLE LOS CALADOS, 1 (A\u00d1AZA)", "JUEVES": "09:00, , ,21:00", "MARTES": "09:00, , ,21:00", "NOMBRE": "FARMACIA CENTRAL", "COFSCTFE": "326", "GRAD_Y": 28.4255609, "GRAD_X": -16.30128708, "DISTRITO": "SUROESTE", "BARRIO": "A\u00d1AZA", "COD_POSTAL": "38111", "VIERNES": "09:00, , ,21:00"},{"LUNES": "08:30, , ,21:00", "SABADO": "09:00, , ,21:00", "DOMINGO": ", , ,", "geometry": {"type": "Point", "coordinates": [-16.30373854038542, 28.443185414161846]}, "TELEFONO": "922614559", "GEOCODIGO": "FAR_067", "UTM_X": 372335.352081, "UTM_Y": 3146989.74966, "MIERCOLES": "08:30, , ,21:00", "DIRECCION": "AVENIDA DE TINCER, 34. ESQ. CALLE LAS NIIEVES", "JUEVES": "08:30, , ,21:00", "MARTES": "08:30, , ,21:00", "NOMBRE": "FARMACIA GRACIA PIMIENTA", "COFSCTFE": "236", "GRAD_Y": 28.4431854142, "GRAD_X": -16.3037385404, "DISTRITO": "SUROESTE", "BARRIO": "TINCER", "COD_POSTAL": "38107", "VIERNES": "08:30, , ,21:00"},{"LUNES": "08:00, , ,20:30", "SABADO": "08:00, , ,20:30", "DOMINGO": ", , ,", "geometry": {"type": "Point", "coordinates": [-16.306041598417455, 28.437562579820927]}, "TELEFONO": "922611922", "GEOCODIGO": "FAR_073", "UTM_X": 372103.04625, "UTM_Y": 3146369.19723, "MIERCOLES": "08:00, , ,20:30", "DIRECCION": "CARRETERA GRAL.DEL SUR, 74 (BARRANCO GRANDE)", "JUEVES": "08:00, , ,20:30", "MARTES": "08:00, , ,20:30", "NOMBRE": "FARMACIA BARRANCO GRANDE", "COFSCTFE": "558", "GRAD_Y": 28.4375625798, "GRAD_X": -16.3060415984, "DISTRITO": "SUROESTE", "BARRIO": "BARRANCO GRANDE", "COD_POSTAL": "38107", "VIERNES": "08:00, , ,20:30"},{"LUNES": "09:15,13:30,16:30,20:30", "SABADO": "09:15,13:00, ,", "DOMINGO": ", , ,", "geometry": {"type": "Point", "coordinates": [-16.3183263877624, 28.441393530015645]}, "TELEFONO": "922610078", "GEOCODIGO": "FAR_072", "UTM_X": 370904.56726, "UTM_Y": 3146806.7839, "MIERCOLES": "09:15,13:30,16:30,20:30", "DIRECCION": "CARRETERA DEL SOBRADILLO, 72", "JUEVES": "09:15,13:30,16:30,20:30", "MARTES": "09:15,13:30,16:30,20:30", "NOMBRE": "FARMACIA LA ASOMADITA", "COFSCTFE": "267", "GRAD_Y": 28.44139353, "GRAD_X": -16.3183263878, "DISTRITO": "SUROESTE", "BARRIO": "EL SOBRADILLO", "COD_POSTAL": "38107", "VIERNES": "09:15,13:30,16:30,20:30"},{"LUNES": "08:30, , ,21:00", "WEB": "https://es-es.facebook.com/farmacia.elsobradillo", "SABADO": "08:30,14:00, ,", "DOMINGO": ", , ,", "geometry": {"type": "Point", "coordinates": [-16.313970607300888, 28.442377659801906]}, "TELEFONO": "922610078", "GEOCODIGO": "FAR_069", "UTM_X": 371332.333913, "UTM_Y": 3146911.15616, "MIERCOLES": "08:30, , ,21:00", "DIRECCION": "CALLE TABOBO, 24 (EL SOBRADILLO)", "JUEVES": "08:30, , ,21:00", "MARTES": "08:30, , ,21:00", "NOMBRE": "FARMACIA EL SOBRADILLO", "COFSCTFE": "529", "GRAD_Y": 28.4423776598, "GRAD_X": -16.3139706073, "DISTRITO": "SUROESTE", "BARRIO": "EL SOBRADILLO", "COD_POSTAL": "38107", "VIERNES": "08:30, , ,21:00"},{"LUNES": "08:00, , ,21:00", "SABADO": "08:00,14:00, ,", "DOMINGO": ", , ,", "geometry": {"type": "Point", "coordinates": [-16.307075403135382, 28.426556198259053]}, "TELEFONO": "922618706", "GEOCODIGO": "FAR_075", "UTM_X": 371988.551217, "UTM_Y": 3145150.81186, "MIERCOLES": "08:00, , ,21:00", "DIRECCION": "CALLE CHIRAMA,47.  (LOS ALISIOS-STA. M\u00aa DEL MAR)", "JUEVES": "08:00, , ,21:00", "MARTES": "08:00, , ,21:00", "NOMBRE": "FARMACIA PEREZ BATISTA", "COFSCTFE": "260", "GRAD_Y": 28.4265561983, "GRAD_X": -16.3070754031, "DISTRITO": "SUROESTE", "BARRIO": "ALISIOS", "COD_POSTAL": "38111", "VIERNES": "08:00, , ,21:00"},{"LUNES": "09:00,14:00,16:00,20:30", "SABADO": "09:00,13:30, ,", "DOMINGO": ", , ,", "geometry": {"type": "Point", "coordinates": [-16.33256138906391, 28.44252302976303]}, "TELEFONO": "922622400", "GEOCODIGO": "FAR_082", "UTM_X": 369511.871791, "UTM_Y": 3146947.29314, "MIERCOLES": "09:00,14:00,16:00,20:30", "DIRECCION": "CARRETERA DEL SOBRADILLO, 133 (LLANO DEL MORO)", "JUEVES": "09:00,14:00,16:00,20:30", "MARTES": "09:00,14:00,16:00,20:30", "NOMBRE": "FARMACIA FLORIDO LEDESMA", "COFSCTFE": "290", "GRAD_Y": 28.4425230298, "GRAD_X": -16.3325613891, "DISTRITO": "SUROESTE", "BARRIO": "LLANO DEL MORO", "COD_POSTAL": "38107", "VIERNES": "09:00,14:00,16:00,20:30"},{"LUNES": "08:30, , ,22:00", "SABADO": "09:00, , ,22:00", "DOMINGO": "09:00, , ,21:30", "geometry": {"type": "Point", "coordinates": [-16.25732107801663, 28.458431700206674]}, "TELEFONO": "922243331", "GEOCODIGO": "FAR_018", "UTM_X": 376898.713311, "UTM_Y": 3148630.59793, "MIERCOLES": "08:30, , ,22:00", "DIRECCION": "CALLE AUREA D\u00cdAZ FLORES HERNANDEZ, 4", "JUEVES": "08:30, , ,22:00", "MARTES": "08:30, , ,22:00", "NOMBRE": "FARMACIA MORA GRILLO", "COFSCTFE": "480", "GRAD_Y": 28.4584317002, "GRAD_X": -16.257321078, "DISTRITO": "SALUD - LA SALLE", "BARRIO": "LOS LLANOS", "COD_POSTAL": "38005", "VIERNES": "08:30, , ,22:00"},{"LUNES": "08:00, , ,20:00", "SABADO": "08:00,13:00, ,", "DOMINGO": ", , ,", "geometry": {"type": "Point", "coordinates": [-16.26298435829354, 28.464232742520238]}, "TELEFONO": "922220056", "GEOCODIGO": "FAR_043", "UTM_X": 376350.938997, "UTM_Y": 3149279.151, "MIERCOLES": "08:00, , ,20:00", "DIRECCION": "AVENIDA DE BELGICA, 1", "JUEVES": "08:00, , ,20:00", "MARTES": "08:00, , ,20:00", "NOMBRE": "FARMACIA TOSTE", "COFSCTFE": "160", "GRAD_Y": 28.4642327425, "GRAD_X": -16.2629843583, "DISTRITO": "SALUD - LA SALLE", "BARRIO": "CHAPATAL", "COD_POSTAL": "38007", "VIERNES": "08:00, , ,20:00"},{"LUNES": "08:00, , ,21:00", "SABADO": "09:00,13:00, ,", "DOMINGO": ", , ,", "geometry": {"type": "Point", "coordinates": [-16.265604746083522, 28.460939727515605]}, "TELEFONO": "922205956", "GEOCODIGO": "FAR_045", "UTM_X": 376090.532533, "UTM_Y": 3148916.99196, "MIERCOLES": "08:00, , ,21:00", "DIRECCION": "AVENIDA BENITO PEREZ ARMAS,10", "JUEVES": "08:00, , ,21:00", "MARTES": "08:00, , ,21:00", "NOMBRE": "FARMACIA PARQUE LA GRANJA", "COFSCTFE": "284", "GRAD_Y": 28.4609397275, "GRAD_X": -16.2656047461, "DISTRITO": "SALUD - LA SALLE", "BARRIO": "CHAPATAL", "COD_POSTAL": "38007", "VIERNES": "08:00, , ,21:00"},{"LUNES": "08:30, , ,20:30", "SABADO": "09:00,13:30, ,", "DOMINGO": "09:00,13:30, ,", "geometry": {"type": "Point", "coordinates": [-16.277092646316433, 28.468986604172105]}, "TELEFONO": "922641654", "GEOCODIGO": "FAR_049", "UTM_X": 374975.17714, "UTM_Y": 3149820.46454, "MIERCOLES": "08:30, , ,20:30", "DIRECCION": "CALLE JUAN DE AGUILAR,4 URB.VILLA ASCENCION", "JUEVES": "08:30, , ,20:30", "MARTES": "08:30, , ,20:30", "NOMBRE": "FARMACIA VILLA ASCENSI\u00d3N", "COFSCTFE": "567", "GRAD_Y": 28.4689866042, "GRAD_X": -16.2770926463, "DISTRITO": "SALUD - LA SALLE", "BARRIO": "VILLA ASCENSION", "COD_POSTAL": "38008", "VIERNES": "08:30, , ,20:30"},{"LUNES": "08:30, , ,21:00", "SABADO": "08:30,14:00, ,", "DOMINGO": ", , ,", "geometry": {"type": "Point", "coordinates": [-16.260901264355947, 28.468632394363603]}, "TELEFONO": "922273428", "GEOCODIGO": "FAR_032", "UTM_X": 376560.010901, "UTM_Y": 3149764.47974, "MIERCOLES": "08:30, , ,21:00", "DIRECCION": "RAMBLA DE SANTA CRUZ, 13", "JUEVES": "08:30, , ,21:00", "MARTES": "08:30, , ,21:00", "NOMBRE": "FARMACIA MARTIN RODRIGUEZ", "COFSCTFE": "548", "GRAD_Y": 28.4686323944, "GRAD_X": -16.2609012644, "DISTRITO": "CENTRO - IFARA", "BARRIO": "SALAMANCA", "COD_POSTAL": "38006", "VIERNES": "08:30, , ,21:00"},{"LUNES": "08:00, , ,24:00", "WEB": "https://es-es.facebook.com/farmaciapuentezurita", "SABADO": "08:00, , ,24:00", "DOMINGO": "08:00, , ,24:00", "geometry": {"type": "Point", "coordinates": [-16.264260882448486, 28.468176792438925]}, "TELEFONO": "922271263", "GEOCODIGO": "FAR_034", "UTM_X": 376230.549941, "UTM_Y": 3149717.45587, "MIERCOLES": "08:00, , ,24:00", "DIRECCION": "AVENIDA ISLAS CANARIAS, 38", "JUEVES": "08:00, , ,24:00", "MARTES": "08:00, , ,24:00", "NOMBRE": "FARMACIA PUENTE ZURITA", "COFSCTFE": "498", "GRAD_Y": 28.4681767924, "GRAD_X": -16.2642608824, "DISTRITO": "CENTRO - IFARA", "BARRIO": "SALAMANCA", "COD_POSTAL": "38006", "VIERNES": "08:00, , ,24:00"},{"LUNES": "00:00, , ,24:00", "WEB": "https://es-es.facebook.com/FarmaciaSalamancaFarmasalamanca", "SABADO": "00:00, , ,24:00", "DOMINGO": "00:00, , ,24:00", "geometry": {"type": "Point", "coordinates": [-16.26189748875056, 28.47025101594644]}, "TELEFONO": "922271279", "GEOCODIGO": "FAR_035", "UTM_X": 376464.356789, "UTM_Y": 3149944.84272, "MIERCOLES": "00:00, , ,24:00", "DIRECCION": "CALLE HORACIO NELSON, 21", "JUEVES": "00:00, , ,24:00", "MARTES": "00:00, , ,24:00", "NOMBRE": "FARMACIA SALAMANCA", "COFSCTFE": "398", "GRAD_Y": 28.4702510159, "GRAD_X": -16.2618974888, "DISTRITO": "CENTRO - IFARA", "BARRIO": "SALAMANCA", "COD_POSTAL": "38006", "VIERNES": "00:00, , ,24:00"},{"LUNES": "08:30, , ,21:00", "SABADO": "09:00,14:00, ,", "DOMINGO": ", , ,", "geometry": {"type": "Point", "coordinates": [-16.25562841403026, 28.473308448037955]}, "TELEFONO": "922282122", "GEOCODIGO": "FAR_023", "UTM_X": 377081.672534, "UTM_Y": 3150277.16912, "MIERCOLES": "08:30, , ,21:00", "DIRECCION": "AVENIDA VEINTICINCO DE JULIO, 37", "JUEVES": "08:30, , ,21:00", "MARTES": "08:30, , ,21:00", "NOMBRE": "FARMACIA MARTIN IZQUIERDO", "COFSCTFE": "440", "GRAD_Y": 28.473308448, "GRAD_X": -16.255628414, "DISTRITO": "CENTRO - IFARA", "BARRIO": "LAS MIMOSAS", "COD_POSTAL": "38004", "VIERNES": "08:30, , ,21:00"},{"LUNES": "09:00,13:30,16:30,19:45", "SABADO": "09:00,13:00, ,", "DOMINGO": ", , ,", "geometry": {"type": "Point", "coordinates": [-16.276293457123188, 28.460668653782562]}, "TELEFONO": "922222267", "GEOCODIGO": "FAR_053", "UTM_X": 375043.63696, "UTM_Y": 3148898.02298, "MIERCOLES": "09:00,13:30,16:30,19:45", "DIRECCION": "CAMINO DEL HIERRO, 24", "JUEVES": "09:00,13:30,16:30,19:45", "MARTES": "09:00,13:30,16:30,19:45", "NOMBRE": "FARMACIA DIAZ DE VILLEGAS", "COFSCTFE": "400", "GRAD_Y": 28.4606686538, "GRAD_X": -16.2762934571, "DISTRITO": "OFRA - COSTA SUR", "BARRIO": "CAMINO DEL HIERRO", "COD_POSTAL": "38009", "VIERNES": "09:00,13:30,16:30,19:45"},{"LUNES": "08:00, , ,20:00", "SABADO": "09:00,13:00, ,", "DOMINGO": ", , ,", "geometry": {"type": "Point", "coordinates": [-16.272693053429, 28.455046632020906]}, "TELEFONO": "922220417", "GEOCODIGO": "FAR_054", "UTM_X": 375389.574484, "UTM_Y": 3148271.37897, "MIERCOLES": "08:00, , ,20:00", "DIRECCION": "PLAZA BARTOLOME GARCIA LORENZO, 7 (GARCIA ESCAMEZ)", "JUEVES": "08:00, , ,20:00", "MARTES": "08:00, , ,20:00", "NOMBRE": "FARMACIA MARTINEZ RODRIGUEZ", "COFSCTFE": "509", "GRAD_Y": 28.455046632, "GRAD_X": -16.2726930534, "DISTRITO": "OFRA - COSTA SUR", "BARRIO": "GARCIA ESCAMEZ", "COD_POSTAL": "38009", "VIERNES": "08:00, , ,20:00"},{"LUNES": "08:45, , ,20:30", "SABADO": "08:45,13:30, ,", "DOMINGO": "10:00,13:00, ,", "geometry": {"type": "Point", "coordinates": [-16.27595095578473, 28.45292310094802]}, "TELEFONO": "922662626", "GEOCODIGO": "FAR_058", "UTM_X": 375068.064765, "UTM_Y": 3148039.47806, "MIERCOLES": "08:45, , ,20:30", "DIRECCION": "CARRETERA DEL ROSARIO, 76 (BARRIO DE CHAMBERI)", "JUEVES": "08:45, , ,20:30", "MARTES": "08:45, , ,20:30", "NOMBRE": "FARMACIA CHAMBER\u00cd", "COFSCTFE": "561", "GRAD_Y": 28.4529231009, "GRAD_X": -16.2759509558, "DISTRITO": "OFRA - COSTA SUR", "BARRIO": "GARCIA ESCAMEZ", "COD_POSTAL": "38009", "VIERNES": "08:45, , ,20:30"},{"LUNES": "08:30, , ,20:30", "SABADO": "09:00,14:00, ,", "DOMINGO": ", , ,", "geometry": {"type": "Point", "coordinates": [-16.287065054656786, 28.452403310563177]}, "TELEFONO": "922642410", "GEOCODIGO": "FAR_060", "UTM_X": 373979.135475, "UTM_Y": 3147993.48568, "MIERCOLES": "08:30, , ,20:30", "DIRECCION": "CALLE SARGENTO PROVICIONAL, 21 (BARRIO DE SAN ANTONIO)", "JUEVES": "08:30, , ,20:30", "MARTES": "08:30, , ,20:30", "NOMBRE": "FARMACIA GARCIGALL", "COFSCTFE": "367", "GRAD_Y": 28.4524033106, "GRAD_X": -16.2870650547, "DISTRITO": "OFRA - COSTA SUR", "BARRIO": "SAN ANTONIO", "COD_POSTAL": "38010", "VIERNES": "08:30, , ,20:30"},{"LUNES": "09:00,13:30,16:30,20:00", "SABADO": "09:15,13:30, ,", "DOMINGO": ", , ,", "geometry": {"type": "Point", "coordinates": [-16.288692451532118, 28.45459998236467]}, "TELEFONO": "922650572", "GEOCODIGO": "FAR_061", "UTM_X": 373822.385427, "UTM_Y": 3148238.57914, "MIERCOLES": "09:00,13:30,16:30,20:00", "DIRECCION": "CALLE ZAFIRO, 10", "JUEVES": "09:00,13:30,16:30,20:00", "MARTES": "09:00,13:30,16:30,20:00", "NOMBRE": "FARMACIA DIAZ GONZALEZ", "COFSCTFE": "306", "GRAD_Y": 28.4545999824, "GRAD_X": -16.2886924515, "DISTRITO": "OFRA - COSTA SUR", "BARRIO": "FINCA LA MULTA", "COD_POSTAL": "38010", "VIERNES": "09:00,13:30,16:30,20:00"},{"LUNES": "08:30, , ,20:30", "SABADO": "09:00,14:00, ,", "DOMINGO": ", , ,", "geometry": {"type": "Point", "coordinates": [-16.28642134290122, 28.45672417084452]}, "TELEFONO": "922646308", "GEOCODIGO": "FAR_059", "UTM_X": 374047.291571, "UTM_Y": 3148471.55315, "MIERCOLES": "08:30, , ,20:30", "DIRECCION": "CALLE CONDE DE PALLASAR, 5 (OFRA)", "JUEVES": "08:30, , ,20:30", "MARTES": "08:30, , ,20:30", "NOMBRE": "FARMACIA BERCEDO DUQUE", "COFSCTFE": "458", "GRAD_Y": 28.4567241708, "GRAD_X": -16.2864213429, "DISTRITO": "OFRA - COSTA SUR", "BARRIO": "SANTA CLARA", "COD_POSTAL": "38010", "VIERNES": "08:30, , ,20:30"},{"LUNES": "09:00,13:30,16:30,20:00", "SABADO": "09:00,13:00, ,", "DOMINGO": ", , ,", "geometry": {"type": "Point", "coordinates": [-16.287337102741862, 28.45882507858845]}, "TELEFONO": "922643855", "GEOCODIGO": "FAR_055", "UTM_X": 373960.114419, "UTM_Y": 3148705.28918, "MIERCOLES": "09:00,13:30,16:30,20:00", "DIRECCION": "CALLE SANTA MAR\u00cdA SOLEDAD, 10", "JUEVES": "09:00,13:30,16:30,20:00", "MARTES": "09:00,13:30,16:30,20:00", "NOMBRE": "FARMACIA RODRIGUEZ DIEZ", "COFSCTFE": "305", "GRAD_Y": 28.4588250786, "GRAD_X": -16.2873371027, "DISTRITO": "OFRA - COSTA SUR", "BARRIO": "SANTA CLARA", "COD_POSTAL": "38010", "VIERNES": "09:00,13:30,16:30,20:00"},{"LUNES": "08:30, , ,21:00", "SABADO": "09:00,15:00, ,", "DOMINGO": ", , ,", "geometry": {"type": "Point", "coordinates": [-16.253339075472056, 28.46078581283645]}, "TELEFONO": "922236179", "GEOCODIGO": "FAR_019", "UTM_X": 377291.335246, "UTM_Y": 3148887.35549, "MIERCOLES": "08:30, , ,21:00", "DIRECCION": "CALLE JOSE HDEZ. ALFONSO,45", "JUEVES": "08:30, , ,21:00", "MARTES": "08:30, , ,21:00", "NOMBRE": "FARMACIA EL CABO", "COFSCTFE": "032", "GRAD_Y": 28.4607858128, "GRAD_X": -16.2533390755, "DISTRITO": "SALUD - LA SALLE", "BARRIO": "CUATRO TORRES", "COD_POSTAL": "38003", "VIERNES": "08:30, , ,21:00"},{"LUNES": "09:00,13:30,16:30,20:15", "SABADO": "09:00,13:30, ,", "DOMINGO": ", , ,", "geometry": {"type": "Point", "coordinates": [-16.256471999965655, 28.46867198998833]}, "TELEFONO": "922270533", "GEOCODIGO": "FAR_020", "UTM_X": 376993.712134, "UTM_Y": 3149764.32496, "MIERCOLES": "09:00,13:30,16:30,20:15", "DIRECCION": "CALLE PEREZ DE ROZAS, 5", "JUEVES": "09:00,13:30,16:30,20:15", "MARTES": "09:00,13:30,16:30,20:15", "NOMBRE": "FARMACIA MOTA DOMINGUEZ", "COFSCTFE": "296", "GRAD_Y": 28.46867199, "GRAD_X": -16.256472, "DISTRITO": "CENTRO - IFARA", "BARRIO": "LOS HOTELES", "COD_POSTAL": "38004", "VIERNES": "09:00,13:30,16:30,20:15"},{"LUNES": "09:00, , ,21:00", "WEB": "https://es-es.facebook.com/FarmaciaPlazaDeLosPatos", "SABADO": "09:00, , ,21:00", "DOMINGO": "09:00, , ,21:00", "geometry": {"type": "Point", "coordinates": [-16.255617364757498, 28.4709983483674]}, "TELEFONO": "922271505", "GEOCODIGO": "FAR_022", "UTM_X": 377080.079806, "UTM_Y": 3150021.20479, "MIERCOLES": "09:00, , ,21:00", "DIRECCION": "AVENIDA VEINTICINCO DE JULIO, 10", "JUEVES": "09:00, , ,21:00", "MARTES": "09:00, , ,21:00", "NOMBRE": "FARMACIA PLAZA DE LOS PATOS", "COFSCTFE": "538", "GRAD_Y": 28.4709983484, "GRAD_X": -16.2556173648, "DISTRITO": "CENTRO - IFARA", "BARRIO": "LOS HOTELES", "COD_POSTAL": "38004", "VIERNES": "09:00, , ,21:00"},{"LUNES": "09:00,13:30,16:45,19:30", "SABADO": "09:15,13:00, ,", "DOMINGO": ", , ,", "geometry": {"type": "Point", "coordinates": [-16.261046893747668, 28.467905947349443]}, "TELEFONO": "922270810", "GEOCODIGO": "FAR_031", "UTM_X": 376544.908213, "UTM_Y": 3149684.14086, "MIERCOLES": "09:00,13:30,16:45,19:30", "DIRECCION": "GLORIETA LA PAZ", "JUEVES": "09:00,13:30,16:45,19:30", "MARTES": "09:00,13:30,16:45,19:30", "NOMBRE": "FARMACIA GUANCHE", "COFSCTFE": "071", "GRAD_Y": 28.4679059473, "GRAD_X": -16.2610468937, "DISTRITO": "CENTRO - IFARA", "BARRIO": "ZONA RAMBLA", "COD_POSTAL": "38004", "VIERNES": "09:00,13:30,16:45,19:30"},{"LUNES": "09:00,13:30,16:45,20:00", "SABADO": "09:15,13:00, ,", "DOMINGO": ", , ,", "geometry": {"type": "Point", "coordinates": [-16.250483233174617, 28.46961080585336]}, "TELEFONO": "922282302", "GEOCODIGO": "FAR_007", "UTM_X": 377581.134966, "UTM_Y": 3149862.22755, "MIERCOLES": "09:00,13:30,16:45,20:00", "DIRECCION": "CALLE LA ROSA, 1", "JUEVES": "09:00,13:30,16:45,20:00", "MARTES": "09:00,13:30,16:45,20:00", "NOMBRE": "FARMACIA EVORA", "COFSCTFE": "565", "GRAD_Y": 28.4696108059, "GRAD_X": -16.2504832332, "DISTRITO": "CENTRO - IFARA", "BARRIO": "ZONA CENTRO", "COD_POSTAL": "38002", "VIERNES": "09:00,13:30,16:45,20:00"},{"LUNES": "09:00, , ,21:00", "SABADO": "09:30,14:30, ,", "DOMINGO": "09:30,14:30, ,", "geometry": {"type": "Point", "coordinates": [-16.252792698266475, 28.47059016214261]}, "TELEFONO": "922274576", "GEOCODIGO": "FAR_008", "UTM_X": 377356.156118, "UTM_Y": 3149973.09254, "MIERCOLES": "09:00, , ,21:00", "DIRECCION": "CALLE PILAR, 33 ESQ. A CALLAO DE LIMA", "JUEVES": "09:00, , ,21:00", "MARTES": "09:00, , ,21:00", "NOMBRE": "FARMACIA EL PILAR", "COFSCTFE": "112", "GRAD_Y": 28.4705901621, "GRAD_X": -16.2527926983, "DISTRITO": "CENTRO - IFARA", "BARRIO": "ZONA CENTRO", "COD_POSTAL": "38002", "VIERNES": "09:00, , ,21:00"},{"LUNES": "09:00,14:00,16:30,20:00", "SABADO": "09:30,14:00, ,", "DOMINGO": ", , ,", "geometry": {"type": "Point", "coordinates": [-16.25063630849334, 28.467072513774383]}, "TELEFONO": "922242471", "GEOCODIGO": "FAR_009", "UTM_X": 377563.221366, "UTM_Y": 3149581.1478, "MIERCOLES": "09:00,14:00,16:30,20:00", "DIRECCION": "CALLE CASTILLO, 26", "JUEVES": "09:00,14:00,16:30,20:00", "MARTES": "09:00,14:00,16:30,20:00", "NOMBRE": "FARMACIA RODRIGUEZ EVORA", "COFSCTFE": "554", "GRAD_Y": 28.4670725138, "GRAD_X": -16.2506363085, "DISTRITO": "CENTRO - IFARA", "BARRIO": "ZONA CENTRO", "COD_POSTAL": "38002", "VIERNES": "09:00,14:00,16:30,20:00"},{"LUNES": "08:00, , ,21:00", "SABADO": "09:00,14:00, ,", "DOMINGO": ", , ,", "geometry": {"type": "Point", "coordinates": [-16.247997659805936, 28.468158730399807]}, "TELEFONO": "922243047", "GEOCODIGO": "FAR_016", "UTM_X": 377822.816191, "UTM_Y": 3149698.81202, "MIERCOLES": "08:00, , ,21:00", "DIRECCION": "CALLE  LA MARINA, 13 ESQ. MILICIAS DE GARACHICO. EDF. HAMILTON", "JUEVES": "08:00, , ,21:00", "MARTES": "08:00, , ,21:00", "NOMBRE": "FARMACIA LA MARINA", "COFSCTFE": "024", "GRAD_Y": 28.4681587304, "GRAD_X": -16.2479976598, "DISTRITO": "CENTRO - IFARA", "BARRIO": "ZONA CENTRO", "COD_POSTAL": "38002", "VIERNES": "08:00, , ,21:00"},{"LUNES": "09:00, , ,21:00", "SABADO": "09:00, , ,20:00", "DOMINGO": ", , ,", "geometry": {"type": "Point", "coordinates": [-16.2499062131716, 28.46687981607741]}, "TELEFONO": "922243241", "GEOCODIGO": "FAR_011", "UTM_X": 377634.48159, "UTM_Y": 3149559.05382, "MIERCOLES": "09:00, , ,21:00", "DIRECCION": "CALLE CASTILLO, 9", "JUEVES": "09:00, , ,21:00", "MARTES": "09:00, , ,21:00", "NOMBRE": "FARMACIA CASTILLO", "COFSCTFE": "397", "GRAD_Y": 28.4668798161, "GRAD_X": -16.2499062132, "DISTRITO": "CENTRO - IFARA", "BARRIO": "ZONA CENTRO", "COD_POSTAL": "38002", "VIERNES": "09:00, , ,21:00"},{"LUNES": "09:00, , ,22:00", "WEB": "http://www.farmaciasantacruz.es/", "SABADO": "09:00, , ,22:00", "DOMINGO": "09:00, , ,22:00", "geometry": {"type": "Point", "coordinates": [-16.25278699409721, 28.468244614387313]}, "TELEFONO": "922283037", "GEOCODIGO": "FAR_030", "UTM_X": 377354.00543, "UTM_Y": 3149713.2064, "MIERCOLES": "09:00, , ,22:00", "DIRECCION": "CALLE VIERA Y CLAVIJO, 2", "JUEVES": "09:00, , ,22:00", "MARTES": "09:00, , ,22:00", "NOMBRE": "FARMACIA SANTA CRUZ", "COFSCTFE": "103", "GRAD_Y": 28.4682446144, "GRAD_X": -16.2527869941, "DISTRITO": "CENTRO - IFARA", "BARRIO": "ZONA CENTRO", "COD_POSTAL": "38003", "VIERNES": "09:00, , ,22:00"},{"LUNES": "08:30, , ,20:30", "WEB": "http://www.farmaciaelnegrito.com", "SABADO": "08:30,13:30, ,", "DOMINGO": ", , ,", "geometry": {"type": "Point", "coordinates": [-16.249091153113152, 28.466405003497723]}, "TELEFONO": "922245996", "GEOCODIGO": "FAR_012", "UTM_X": 377713.735974, "UTM_Y": 3149505.61629, "MIERCOLES": "08:30, , ,20:30", "DIRECCION": "CALLE CRUZ VERDE, 20", "JUEVES": "08:30, , ,20:30", "MARTES": "08:30, , ,20:30", "NOMBRE": "FARMACIA EL NEGRITO", "COFSCTFE": "475", "GRAD_Y": 28.4664050035, "GRAD_X": -16.2490911531, "DISTRITO": "CENTRO - IFARA", "BARRIO": "ZONA CENTRO", "COD_POSTAL": "38003", "VIERNES": "08:30, , ,20:30"},{"LUNES": "08:30, , ,21:30", "WEB": "https://es-es.facebook.com/pages/Farmacia-Wildpret/125577380977765", "SABADO": "09:00, , ,21:00", "DOMINGO": ", , ,", "geometry": {"type": "Point", "coordinates": [-16.254984847330302, 28.467714581977166]}, "TELEFONO": "922271647", "GEOCODIGO": "FAR_013", "UTM_X": 377138.20671, "UTM_Y": 3149656.72534, "MIERCOLES": "08:30, , ,21:30", "DIRECCION": "CALLE CASTILLO, 82", "JUEVES": "08:30, , ,21:30", "MARTES": "08:30, , ,21:30", "NOMBRE": "FARMACIA WEYLER (WILDPRET)", "COFSCTFE": "545", "GRAD_Y": 28.467714582, "GRAD_X": -16.2549848473, "DISTRITO": "CENTRO - IFARA", "BARRIO": "ZONA CENTRO", "COD_POSTAL": "38003", "VIERNES": "08:30, , ,21:30"},{"LUNES": "08:30, , ,22:00", "SABADO": "09:00, , ,21:00", "DOMINGO": "09:00, , ,21:00", "geometry": {"type": "Point", "coordinates": [-16.256173496922422, 28.46630608652554]}, "TELEFONO": "922271410", "GEOCODIGO": "FAR_014", "UTM_X": 377020.197718, "UTM_Y": 3149501.88364, "MIERCOLES": "08:30, , ,22:00", "DIRECCION": "CALLE GALCERAN, 13", "JUEVES": "08:30, , ,22:00", "MARTES": "08:30, , ,22:00", "NOMBRE": "FARMACIA COROMINAS", "COFSCTFE": "033", "GRAD_Y": 28.4663060865, "GRAD_X": -16.2561734969, "DISTRITO": "CENTRO - IFARA", "BARRIO": "ZONA CENTRO", "COD_POSTAL": "38003", "VIERNES": "08:30, , ,22:00"},{"LUNES": "09:00, , ,21:00", "SABADO": "09:00,14:00, ,", "DOMINGO": ", , ,", "geometry": {"type": "Point", "coordinates": [-16.252166828535746, 28.466561320056005]}, "TELEFONO": "922241244", "GEOCODIGO": "FAR_015", "UTM_X": 377412.780886, "UTM_Y": 3149526.06924, "MIERCOLES": "09:00, , ,21:00", "DIRECCION": "AVENIDA  ANGEL GUIMERA, 14", "JUEVES": "09:00, , ,21:00", "MARTES": "09:00, , ,21:00", "NOMBRE": "FARMACIA MOTA ARMAS", "COFSCTFE": "532", "GRAD_Y": 28.4665613201, "GRAD_X": -16.2521668285, "DISTRITO": "CENTRO - IFARA", "BARRIO": "ZONA CENTRO", "COD_POSTAL": "38003", "VIERNES": "09:00, , ,21:00"},{"LUNES": "08:30, , ,20:50", "WEB": "http://www.farmacialaconcepcionsantacruz.com/", "SABADO": "09:15,13:30, ,", "DOMINGO": ", , ,", "geometry": {"type": "Point", "coordinates": [-16.249436198914683, 28.46436202818561]}, "TELEFONO": "922241430", "GEOCODIGO": "FAR_017", "UTM_X": 377677.599926, "UTM_Y": 3149279.61161, "MIERCOLES": "08:30, , ,20:50", "DIRECCION": "CALLE PUENTE DEL CABO, 4 - ( FRENTE IGLESIA CONCEPCION)", "JUEVES": "08:30, , ,20:50", "MARTES": "08:30, , ,20:50", "NOMBRE": "FARMACIA LA CONCEPCION", "COFSCTFE": "444", "GRAD_Y": 28.4643620282, "GRAD_X": -16.2494361989, "DISTRITO": "CENTRO - IFARA", "BARRIO": "ZONA CENTRO", "COD_POSTAL": "38003", "VIERNES": "08:30, , ,20:50"}]}